,model,arline precision,arline recall,arline f1,arline accuracy,execution_time,arline n_estimators,review precision,review recall,review f1,review accuracy,review n_estimators,amazon precision,amazon recall,amazon f1,amazon accuracy,amazon n_estimators
0,BoW 1-g,0.7507604683594603,0.7545787545787546,0.7525093529084158,0.8150273224043716,2613.521850585937,150,0.8409078855559927,0.86272,0.8516238165748189,0.8496799999999999,150,0.8227891894035955,0.8587308939323761,0.8403657452826082,0.8154088050314465,150
0,BoW 2-g,0.5965326720961432,0.7897435897435898,0.6796594671803428,0.7224043715846995,2459.8748190402985,150,0.7757734617802248,0.8323200000000001,0.8030058530924205,0.79584,150,0.7870362460526402,0.8613246873552571,0.8224971452203059,0.7896750524109014,150
0,BoW 3-g,0.7746745265833707,0.13663003663003662,0.23201493631907766,0.6631147540983606,4024.9116339683533,150,0.7009370739840088,0.8340799999999999,0.7616396638399255,0.7389600000000001,150,0.6984336908455071,0.9017137563686892,0.7871472415572655,0.7241090146750524,150
0,Tf-Idf 1-g,0.7643932878195479,0.7641025641025642,0.7641860076319045,0.8240437158469945,2951.1154234409332,150,0.8318488203961991,0.8555200000000001,0.8435146805702398,0.8412799999999999,140,0.8271081381035857,0.8613246873552571,0.8438484826636115,0.8196540880503145,150
0,Tf-Idf 2-g,0.5803277510622232,0.8084249084249083,0.675516747940399,0.7105191256830601,2853.5640263557434,120,0.7814368369392163,0.8212799999999999,0.8008480441592686,0.79576,150,0.7882286741950489,0.8587308939323761,0.8219505344436842,0.7895178197064989,150
0,Tf-Idf 3-g,0.7433405428089813,0.12637362637362634,0.2159459589912764,0.6579234972677596,4156.815772533417,150,0.7036434019138655,0.82144,0.7579738960266529,0.73768,150,0.6946432526444822,0.8947660954145435,0.7820899986803332,0.7179245283018868,150
0,D2V PV-DBOW,0.6517912404671234,0.5593406593406594,0.6019439291426688,0.7241803278688524,2288.0350968837743,150,0.7477942962378072,0.728,0.7376947991272292,0.7412,140,0.80968594194256,0.8268642890226957,0.8181039064021509,0.7920335429769392,150
0,D2V PV-DM,0.6705071682110727,0.6117216117216118,0.6393678487853861,0.742896174863388,2274.2549486160283,100,0.594985086742325,0.57904,0.5868586992328642,0.5924,140,0.6854506764841272,0.7572950440018528,0.7195681241943437,0.6660377358490566,150