,model,arline precision,arline recall,arline f1,arline accuracy,execution_time,arline max_depth,arline max_features,arline min_samples_leaf,arline min_samples_split,review precision,review recall,review f1,review accuracy,review max_depth,review max_features,review min_samples_leaf,review min_samples_split,amazon precision,amazon recall,amazon f1,amazon accuracy,amazon max_depth,amazon max_features,amazon min_samples_leaf,amazon min_samples_split
0,BoW 1-g,0.5062455562328658,0.5608058608058607,0.5320235462752566,0.6319672131147541,810.3367879390718,15,,0.1,0.5,0.6157378781990679,0.86016,0.7177022042461958,0.66168,15,,0.1,0.6,0.5657756813417191,1.0,0.7226778242677825,0.5657756813417191,15,,0.5,0.1
0,BoW 2-g,0.0,0.0,0.0,0.6270491803278688,933.144374847412,15,,0.1,0.1,0.5662138028050109,0.64544,0.6031277074502706,0.57528,15,,0.1,0.5,0.5657756813417191,1.0,0.7226778242677825,0.5657756813417191,15,,0.4,0.1
0,BoW 3-g,0.0,0.0,0.0,0.6270491803278688,1228.212948322296,15,,0.1,0.1,0.5291998012884954,0.75712,0.5760262248356175,0.52504,15,,0.1,0.8,0.5657756813417191,1.0,0.7226778242677825,0.5657756813417191,15,,0.1,0.1
0,Tf-Idf 1-g,0.5295111783184472,0.5919413919413922,0.5589771409558123,0.6516393442622951,854.8547899723053,15,,0.1,0.5,0.6091936497460682,0.88528,0.7217136376030034,0.65864,15,,0.1,0.6,0.6189348204803871,0.8741083835108846,0.7247069961238861,0.6242662473794549,15,,0.2,0.1
0,Tf-Idf 2-g,0.0,0.0,0.0,0.6270491803278688,970.5356876850128,15,,0.1,0.1,0.5523615816543889,0.65232,0.5978709876225424,0.56184,15,,0.1,0.7000000000000001,0.5657756813417191,1.0,0.7226778242677825,0.5657756813417191,15,,0.4,0.1
0,Tf-Idf 3-g,0.0,0.0,0.0,0.6270491803278688,1259.8801493644714,15,,0.1,0.1,0.5469655172384922,0.63712,0.5240431630450754,0.53096,15,,0.1,0.8,0.5657756813417191,1.0,0.7226778242677825,0.5657756813417191,15,,0.1,0.1
0,D2V PV-DBOW,0.5514548298873434,0.5860805860805861,0.5681428488272587,0.6678961748633879,654.2270209789276,15,,0.4,0.1,0.5870574931978193,0.75488,0.6604487405670879,0.61192,15,,0.30000000000000004,0.1,0.6342722760993017,0.8518758684576193,0.7271344521037475,0.6382599580712788,15,,0.1,0.30000000000000004
0,D2V PV-DM,0.5444276026653384,0.5604395604395604,0.5457598177737842,0.6549180327868852,660.8168520927428,15,,0.2,0.5,0.512479626458461,0.68128,0.5841981832062656,0.5159199999999999,27,log2,0.30000000000000004,0.4,0.5657756813417191,1.0      ,0.7226778242677825,0.5657756813417191,15,,0.5,0.1