,model,arline precision,arline recall,arline f1,arline accuracy,execution_time,arline alpha,review precision,review recall,review f1,review accuracy,review alpha,amazon precision,amazon recall,amazon f1,amazon accuracy,amazon alpha
0,BoW 1-g,0.7952967328266403,0.7399591094272155,0.7665224252670171,0.8319781346088145,5.545682907104492,0.4,0.8812675132032407,0.8241629584207795,0.851700313667211,0.85652,0.1,0.8720638902873261,0.8494195562916846,0.8605633146087798,0.844361749521738,0.1
0,BoW 2-g,0.7427339937202826,0.7003118029595161,0.720540036398328,0.7974718141441749,14.632415533065796,0.5,0.8957106011439875,0.8777404086405135,0.8865618858031573,0.88772,0.7,0.8821311834925728,0.9230680350358472,0.9021000291069773,0.8866846615477345,1.0
0,BoW 3-g,0.6462062062008713,0.5567792733529809,0.5980245528256831,0.721284591732149,15.478414058685303,0.5,0.8848269763107739,0.8924464409818648,0.8885922758742529,0.88816,0.8,0.8565133555272857,0.9440930299092531,0.8981613571031501,0.8789014387169475,1.0
0,Tf-Idf 1-g,0.8261838750226905,0.6341920556785654,0.7172926286566689,0.8137341988384011,5.512421369552612,0.1,0.8800843696930513,0.8658765023300208,0.8728468586729221,0.87392,0.1,0.8301262645534394,0.8977229376039572,0.862546346818875,0.8381771010770722,0.1
0,Tf-Idf 2-g,0.8021107683158397,0.6123500681350177,0.6941952933658196,0.7991800478305432,13.448506832122803,0.2,0.8974140652734722,0.8886135103848551,0.8929385773621641,0.89348,0.1,0.8592685148120048,0.9472119672734908,0.9010762489565983,0.8823606488639639,0.2
0,Tf-Idf 3-g,0.6832862290525121,0.5099769415777035,0.5837231435838539,0.7290741373419883,14.210264921188354,0.1,0.8915104756993987,0.8904089167995477,0.890896930961183,0.89096,0.2,0.8574794735315487,0.9419794432479601,0.8977219752915566,0.8786393773421736,0.1
