,model,arline precision,arline recall,arline f1,arline accuracy,execution_time,arline alpha,review precision,review recall,review f1,review accuracy,review alpha,amazon precision,amazon recall,amazon f1,amazon accuracy,amazon alpha
0,BoW 1-g,0.7834169123469843,0.7545787545787547,0.7686543666611694,0.8306010928961749,3.8735249042510986,0.2,0.8814058925719388,0.83408,0.8569893480926992,0.86088,0.01,0.8698469696569502,0.8520148216767021,0.8608191607260461,0.8441299790356395,0.01
0,BoW 2-g,0.7503210836654141,0.68992673992674,0.7187703504073133,0.7987021857923498,7.917571067810059,0.4,0.8978130655600036,0.8752,0.8863129039032362,0.88776,0.5,0.88269757889239,0.9274201018990272,0.9045012717177978,0.8892033542976939,1.0
0,BoW 3-g,0.6427379116629243,0.5536630036630037,0.5945838943866666,0.7185109289617486,7.124237775802612,0.7,0.8849479282615857,0.89184,0.8883538222428394,0.88792,0.7,0.8562974261862684,0.9437239462714218,0.8978782007259253,0.8785377358490566,1.0
0,Tf-Idf 1-g,0.8212735499700755,0.6230769230769231,0.7084634699302077,0.808879781420765,2.931627035140991,0.1,0.8825907289840834,0.86416,0.8732303279913729,0.87456,0.1,0.8409159732396665,0.886706808707735,0.8631673401551532,0.8409329140461216,0.01
0,Tf-Idf 2-g,0.7987938045629261,0.610989010989011,0.6921245647754517,0.7974043715846995,7.12587833404541,0.2,0.8995433253112497,0.88784,0.8936097986974896,0.89432,0.2,0.859565078223563,0.9477535896248263,0.9014972792498208,0.8828092243186583,0.2
0,Tf-Idf 3-g,0.685799149137135,0.5208791208791208,0.5919088165030459,0.732103825136612,6.684783697128296,0.2,0.8964011853655597,0.89176,0.8940578483632221,0.89432,0.3,0.8501584796342487,0.9528948587308937,0.8985894370144171,0.8783018867924528,0.2
0,D2V PV-DM,0.0,0.0,0.0,0.6270491803278688,17.586345672607422,0.0001,0.5572456738462778,0.57528,0.5660599537282494,0.55908,10.0,0.5657756813417191,1.0,0.7226778242677824,0.5657756813417191,0.0001
0,D2V PV-DBOW,0.0,0.0,0.0,0.6270491803278688,17.8176589012146,0.0001,0.7128377901306027,0.68536,0.6987891927390544,0.70464,10.0,0.5657756813417191,1.0,0.7226778242677824,0.5657756813417191,0.0001
