,model,arline precision,arline recall,arline f1,arline accuracy,execution_time,arline alpha,review precision,review recall,review f1,review accuracy,review alpha,amazon precision,amazon recall,amazon f1,amazon accuracy,amazon alpha
0,BoW 1-g,0.7835672537786247,0.7468864468864469,0.7645787486190208,0.8284836065573771,3.4321157932281494,0.3,0.8798909534783215,0.83272,0.8556035441298248,0.85948,0.01,0.8722788143439583,0.853033811949977,0.8625216725395646,0.8461740041928721,0.01
0,BoW 2-g,0.7419207542015416,0.6937728937728936,0.7168964786853953,0.7956967213114754,7.4706549644470215,0.6,0.8895356891415438,0.88632,0.8878800844647458,0.88808,0.3,0.883216097842062,0.9245020842982862,0.9033772122083623,0.8881027253668763,1.0
0,BoW 3-g,0.6520140010261238,0.5578754578754579,0.6011155646809895,0.7240437158469946,6.951612234115601,0.7,0.8822601202286803,0.88864,0.8854131577887621,0.885,0.7,0.8577200303665666,0.9433534043538675,0.898495534303496,0.8794025157232704,1.0
0,Tf-Idf 1-g,0.8274834170490226,0.61996336996337,0.7087461634911416,0.8099726775956284,2.8851397037506104,0.1,0.8771762567486664,0.86672,0.8718780911159391,0.87264,0.1,0.8428013103859179,0.8849467345993516,0.8633496522027841,0.8415094339622642,0.01
0,Tf-Idf 2-g,0.8072869828639068,0.6148351648351648,0.6978596877720414,0.801707650273224,6.442742824554443,0.2,0.9041974327822557,0.88176,0.8928225044538288,0.89416,0.2,0.8569785589539236,0.9489115331171839,0.9005946983171296,0.8814727463312368,0.2
0,Tf-Idf 3-g,0.6940105247259507,0.5150183150183151,0.591123508297202,0.7342896174863388,8.090538740158081,0.3,0.8841801956271969,0.892,0.8880334264474716,0.88752,0.1,0.846450312325345,0.9522464103751738,0.8962225255964765,0.8752358490566038,0.2
0,D2V PV-DM,0.0,0.0,0.0,0.6270491803278688,17.067362070083618,0.0001,0.5653019205719256,0.5764,0.5707649299503581,0.5666,10.0,0.5657756813417191,1.0,0.7226778242677824,0.5657756813417191,0.0001
0,D2V PV-DBOW,0.9523809523809524,0.008791208791208791,0.017403274078008017,0.6301912568306011,18.294769763946533,10.0,0.7203953358657258,0.69672,0.7082830404724745,0.71312,0.0001,0.5657756813417191,1.0,0.7226778242677824,0.5657756813417191,0.0001
