,model,arline precision,arline recall,arline f1,arline accuracy,execution_time,arline alpha,review precision,review recall,review f1,review accuracy,review alpha,amazon precision,amazon recall,amazon f1,amazon accuracy,amazon alpha
0,BoW 1-g,0.797516510232609,0.7402930402930403,0.7676938050671656,0.8329234972677596,1.6151926517486572,0.4,0.8860640374884179,0.8385600000000001,0.8616530446212595,0.86536,0.01,0.8743437616952604,0.8485409911996294,0.8612249736317229,0.8452830188679246,0.1
0,BoW 2-g,0.7459558598117403,0.6912087912087913,0.7174590423033684,0.7969945355191257,2.827189683914185,0.4,0.8938720673835988,0.87024,0.8818843021204537,0.88344,0.7,0.8799022801785397,0.9228346456692912,0.9008454856187321,0.885062893081761,1.0
0,BoW 3-g,0.6667271186084948,0.5534798534798535,0.6047979223883465,0.730327868852459,2.5959641933441158,0.2,0.8840574666747721,0.8889600000000001,0.8864651712746566,0.8861600000000001,0.7,0.8558372615677028,0.9434923575729506,0.8975142188842473,0.8780922431865829,1.0
0,Tf-Idf 1-g,0.8293304812492264,0.6395604395604395,0.722086884291241,0.8163934426229508,1.365685224533081,0.1,0.8776904471961416,0.8712,0.8744178191621141,0.8748799999999999,0.1,0.8364494781090411,0.902454840203798,0.8681903321862081,0.8449685534591195,0.1
0,Tf-Idf 2-g,0.8096303498505659,0.6058608058608058,0.6929639335246276,0.799863387978142,2.4245176315307617,0.2,0.8975654007387524,0.88544,0.8914402811319109,0.8921600000000001,0.1,0.8581923489396426,0.9468272348309402,0.9003293158379607                 ,0.8813941299790357,0.2
0,Tf-Idf 3-g,0.6777758339999709,0.5113553113553113,0.582854119030327,0.7270491803278688,2.9288446903228764,0.2,0.8919687513919233,0.8856,0.8887406985066424,0.88912,0.2,0.8475313415627198,0.9500694766095414,0.895875121731808,0.8750524109014675,0.2
0,D2V PV-DBOW,0.9818181818181818,0.016483516483516484,0.032378592657687486,0.6330601092896175,8.437402963638307,1000.0,0.7100890858230279,0.68912,0.6994369128403662,0.7038399999999999,0.0001,0.5657756813417191,1.0,0.7226778242677825,0.5657756813417191,0.0001
0,D2V PV-DM,0.0,0.0,0.0,0.6270491803278688,8.509683132171629,0.0001,0.5445928147159245,0.72128,0.6205152374538513,0.55904,10000.0,0.5657756813417191,1.0,0.7226778242677825,0.5657756813417191,0.0001